scorer,DLC_resnet50_CforSingleAug3shuffle1_750000,DLC_resnet50_CforSingleAug3shuffle1_750000,DLC_resnet50_CforSingleAug3shuffle1_750000,DLC_resnet50_CforSingleAug3shuffle1_750000,DLC_resnet50_CforSingleAug3shuffle1_750000,DLC_resnet50_CforSingleAug3shuffle1_750000,DLC_resnet50_CforSingleAug3shuffle1_750000,DLC_resnet50_CforSingleAug3shuffle1_750000,DLC_resnet50_CforSingleAug3shuffle1_750000,DLC_resnet50_CforSingleAug3shuffle1_750000,DLC_resnet50_CforSingleAug3shuffle1_750000,DLC_resnet50_CforSingleAug3shuffle1_750000,DLC_resnet50_CforSingleAug3shuffle1_750000,DLC_resnet50_CforSingleAug3shuffle1_750000,DLC_resnet50_CforSingleAug3shuffle1_750000,DLC_resnet50_CforSingleAug3shuffle1_750000,DLC_resnet50_CforSingleAug3shuffle1_750000,DLC_resnet50_CforSingleAug3shuffle1_750000
bodyparts,f1,f1,f1,f2,f2,f2,f3,f3,f3,m1,m1,m1,m2,m2,m2,m3,m3,m3
coords,x,y,likelihood,x,y,likelihood,x,y,likelihood,x,y,likelihood,x,y,likelihood,x,y,likelihood
0,150.44613647460938,144.70071411132812,1.0,153.80032348632812,144.1421356201172,1.0,191.64178466796875,133.26185607910156,1.0,193.24725341796875,121.30708312988281,1.0,194.343994140625,116.8858642578125,1.0,184.01377868652344,80.52647399902344,0.9999996423721313
1,150.4372157914789,144.695675810513,1.0,153.7425530652556,144.137598300886,0.9999998807907104,191.6253292246497,133.18006517617417,1.0,193.23029141570046,121.24833476672983,0.9999998807907104,194.3294682570423,116.8200326539796,1.0,183.99920412827538,80.47023664773113,1.0
2,149.7512414840438,146.52999261713484,1.0,153.12167532048042,144.91159164186286,1.0,190.2381433719951,130.35850470482677,0.9999989867210388,191.5205264394933,123.28282669596678,1.0,192.9604771711116,118.84720192149777,0.9999999403953552,189.4653994202426,80.95293737494512,1.0
3,148.02026708649578,142.8139148948805,1.0,151.32408611248107,142.3977472777515,1.0,187.2056853816785,125.40747859738676,0.9999996423721313,189.69679496719496,118.1379629344358,1.0,189.7809408893602,114.3022776142444,0.9999998807907104,187.75071383095366,77.08426052334609,1.0
4,150.18183341719555,144.44688576729763,1.0,153.78842313377382,142.76253110306223,1.0,186.79111291088378,124.97739740510383,1.0,190.05403204036864,117.68726034168492,1.0,190.3668054558449,113.68497831668084,1.0,188.76861664173964,77.01554960022237,0.9999999403953552
5,156.8145212870898,141.1640604845893,0.9999999403953552,160.93683230789168,142.34778247708374,1.0,191.66546677202615,128.43374879307416,1.0,192.42680094239364,117.60697574703623,1.0,192.97086010796073,112.43545674911213,0.9999999403953552,187.93491916851747,75.70130618049586,1.0
6,151.63211211232192,141.52859449062834,1.0,155.35587377724116,142.10127764429524,1.0,191.91712967974973,128.75198353254126,0.9999999403953552,186.44244949838753,123.10553665033774,0.9999999403953552,187.66242489757232,119.67393421702681,0.9999998807907104,192.95979089189228,81.63212544214491,1.0
7,150.3800700143749,141.31249939454705,1.0,154.00580662857547,141.25542604632895,1.0,189.67529027397822,127.1375340723709,1.0,185.4523014489801,119.24912528007313,0.9999998807907104,186.24261577618924,117.34177168443196,0.9999998807907104,192.2425859377994,80.20126210694079,0.9999999403953552
8,153.950015272186,141.02879202727541,1.0,156.6609851923841,140.00995920133977,0.9999998807907104,190.98097762772534,126.8685347931481,0.9999998807907104,184.4245871972507,115.9623222071496,1.0,186.0770857393704,111.540202535487,0.9999999403953552,190.79180278100588,74.65608658422289,0.9999999403953552
9,150.41024226158123,139.01604247864165,1.0,152.87136463802443,138.32755903264533,0.9999999403953552,191.59723374443678,126.02282413804065,0.9999998807907104,186.64218054396153,115.7314587504646,1.0,187.33829846799196,110.68874551713529,0.9999999403953552,185.89703265950945,73.26276542720912,1.0
10,150.82239715136282,138.35586401645432,1.0,153.876667625309,137.50350476587369,1.0,191.3760892258046,126.19033558356631,1.0,186.5594054093808,116.33661362487761,0.9999999403953552,187.79088878675765,111.61074264132806,1.0,187.9803300025046,74.06952267458615,1.0
11,151.22001692252547,135.9548414565485,1.0,153.94800760640285,136.4698326221931,1.0,191.77250784106243,127.68990837598012,0.9999998807907104,191.21561239925214,120.74586331361206,0.9999998807907104,191.38022368815348,116.31119183324395,1.0,186.7778422293497,78.24203977491881,0.9999998807907104
12,151.87242052609673,135.48836424797284,1.0,154.65030243972663,135.46249377225615,1.0,192.07542958178698,126.94660265686113,1.0,191.4097366904096,120.23303355919518,1.0,192.64470804034838,116.06578940766492,1.0,189.04453046169772,80.16405997151432,1.0
13,152.31690673498863,137.11761730566576,1.0,155.26632227446666,136.63697988623753,0.9999998807907104,193.3892134904578,131.3606970715599,1.0,190.09999254606942,123.86450481272166,1.0,189.8323040302314,119.22600797538026,0.9999999403953552,189.60568569518367,81.31922452182151,1.0
14,153.20984213740627,137.25740061850576,1.0,156.24005749874573,136.64201055124005,0.9999999403953552,194.9777291353014,130.79209033747742,1.0,189.20587376130175,123.57142086264652,1.0,190.51382003851447,120.80151471964147,0.9999999403953552,190.05822448749504,82.37922658601094,1.0
15,153.20412784962483,136.00838191614932,1.0,156.58571229664636,136.04333373536025,1.0,196.86311141776667,128.0606042905628,0.9999995231628418,189.20316504481906,120.34047370144721,1.0,188.91335511830638,116.27141622228949,0.9999998807907104,187.9674910161821,77.52951374458907,0.9999998807907104
16,153.31077991659257,136.85172259131602,1.0,156.40236610814082,136.8128669490075,0.9999999403953552,193.1976566486743,124.81924547929843,1.0,186.6720455113947,115.68194509626892,1.0,187.89180642759618,111.36144059348291,1.0,190.23577926519107,74.75585445463285,0.9999998807907104
17,153.67618787441103,137.05542312871654,1.0,156.79385477538932,137.6360150667995,1.0,193.82358712018248,130.5801432556417,0.9999999403953552,190.75643113444355,121.82538568298041,1.0,190.4094070098819,117.54955489218878,1.0,189.7710356407253,77.17302534466162,1.0
18,151.37988792182324,138.32811095343448,1.0,153.55187314349448,137.4636970177413,1.0,192.280217804391,129.8432374470314,1.0,190.06755882094023,123.98147771665869,1.0,190.77138458855137,119.71134233489835,1.0,193.8470037433613,80.28444651348063,1.0
19,149.89643443968535,134.01290074731904,1.0,152.71459294867776,134.98426181566006,1.0,191.47049695986362,128.74189379708906,1.0,189.80635872796898,121.48185276761812,1.0,190.01798037032748,119.03111497443979,1.0,195.78471841969503,80.83855108769896,1.0
20,151.76027573836862,135.46304206904568,1.0,154.09914214821572,134.5532420601166,1.0,190.19695280372926,123.77922326708568,0.9999999403953552,185.36090733240238,114.06176624641296,0.9999998807907104,187.62229167397524,110.03476123887003,1.0,203.43383460734054,74.79496974849087,0.9999997615814209
21,150.56150278162417,133.66515728209032,1.0,153.35731817314553,134.1692422922713,1.0,189.66608296364663,124.09928334480483,0.9999998807907104,185.6801723353123,112.78390476209212,0.9999999403953552,187.4823428556281,108.51171002450397,0.9999998807907104,200.97048510639445,74.30898313797299,1.0
22,151.83357957015582,135.3131589151554,1.0,154.89692075527861,134.42893189030235,1.0,190.25500691600772,124.20490232352324,0.9999998211860657,185.34015293920007,113.88435044188546,1.0,187.6062737575997,109.21900965927378,0.9999998211860657,198.8858753323042,72.61261477513612,0.9999999403953552
23,152.03508933571646,134.09892682755947,1.0,155.36559514534665,134.50889536407885,1.0,190.29558171610074,123.99386980221811,1.0,182.588179346176,116.38557766085411,1.0,184.51214197877025,111.87628589891777,1.0,198.3169029195311,77.44651130002242,1.0
24,152.6242068540538,135.35418355741058,1.0,156.17324651365817,135.05237793195693,0.9999994039535522,193.21132417016793,126.98649520334416,1.0,180.31248025924572,118.33208621908555,1.0,182.56188320861756,113.78257548504376,1.0,195.34577490677788,75.222888531696,1.0
25,154.9534212735013,134.72505341338356,0.9999998807907104,158.4052568490824,136.15119783821524,0.9999983906745911,195.16415193929743,135.77711559942784,1.0,178.09532914643665,121.35747276169471,0.9999983310699463,179.7626577028373,117.34885163463173,0.9999996423721313,194.8806787248292,81.43060189676103,1.0
26,153.91149299586957,137.09270218563634,1.0,156.9227569846422,136.2425025002796,1.0,194.86011240700174,124.05070399085824,1.0,173.5219223304274,120.17844249354201,0.9999999403953552,176.8304529611141,116.500429121235,0.9999998807907104,196.10452235601528,80.24602541391782,1.0
27,154.52064894553666,138.86436930103503,1.0,157.66472006965859,138.31430589064732,1.0,194.40119350318503,122.86058989875352,1.0,175.43461909992408,118.88668996303389,0.9999995231628418,177.03579420243491,115.24406490870078,0.9999999403953552,199.11609319586074,85.7655583026645,1.0
28,156.71867531611576,139.12190317650243,1.0,159.9425260173013,137.84623061063238,0.9999998807907104,195.05584095865316,124.63472669050003,1.0,178.99779485592464,119.84822575140846,0.9999996423721313,180.3561805369223,115.49550045962086,0.9999999403953552,195.82966485148341,82.60225856685577,1.0
29,155.23975091211386,138.40342535270523,1.0,158.59777329624984,138.30909698352377,1.0,195.8243881806467,125.25801055725188,1.0,183.51064342048676,118.82994678333466,1.0,183.3802089492017,116.06343200112661,1.0,194.22102998845054,83.43497660171955,0.9999998807907104
30,157.25005851857938,138.29910657030507,1.0,160.82422575478142,137.0437679436984,1.0,199.85206455153406,127.26658888492278,1.0,188.0231924863408,121.13740698022426,1.0,187.46512729085117,116.69727115288899,1.0,190.27306024109888,78.81760871043315,1.0
31,157.36119321443454,139.62250697801753,1.0,160.7736173473685,139.08967367119655,1.0,198.57136948864087,125.2206506523875,1.0,188.3544490984873,117.56127150211545,1.0,188.0646423705028,113.6202491529623,0.9999999403953552,188.5195202934972,76.18688349009376,0.9999999403953552
32,158.7291849577042,139.56268301409577,1.0,162.281165593727,138.14399459525967,1.0,200.57537612629673,125.60585274269732,0.9999999403953552,194.04879183598504,117.22959286406189,1.0,193.25603946592733,111.93123499364512,1.0,186.18997592564423,73.92504657138286,0.9999998807907104
33,157.98580664255167,141.56844215599358,1.0,162.04449245818554,141.86382031359244,1.0,200.9434588178023,126.77728484593149,1.0,194.01865027816507,119.59813184379907,1.0,194.69016931177293,114.07634303444337,0.9999999403953552,185.78773632806266,76.08332509248486,0.9999998807907104
34,159.7187719343792,140.47405559667018,1.0,163.11359843473065,139.70549778681277,1.0,200.4289639069469,125.62854682280958,1.0,192.1447000687954,116.22015292332125,1.0,191.64641992330345,111.20496220438059,1.0,185.9686289923886,72.84630846466337,1.0
35,159.42297668139656,140.41602484926779,1.0,162.57328044175955,140.235629837267,1.0,199.2154274888293,124.1541414885188,1.0,188.0482072428453,114.04597462372203,1.0,187.96485706248404,109.11721940895858,1.0,182.45065531426619,71.08335475113196,1.0
36,158.0166195556352,140.78967177879883,1.0,161.78697103193517,139.82554094675427,1.0,199.2992924627104,126.09495011155886,0.9999998807907104,191.2059671190534,111.67169040327617,1.0,190.77575437509697,106.42969992970174,1.0,183.32709921198165,68.4216210481716,1.0
37,159.31953360897344,139.83866685963028,1.0,163.04618149716634,139.88806630707825,1.0,200.20944899434477,122.39715892401463,0.9999998807907104,196.06065950476,110.33248284623406,1.0,196.33603462321318,105.94513583068976,1.0,183.44093383832188,70.53033399646712,1.0
38,160.67398746961283,141.422804296628,1.0,163.9903742914482,139.824267683528,1.0,202.26233025168204,124.2099927013825,1.0,194.20336837854998,115.61133673974,1.0,194.26380782322357,110.69531260948794,0.9999999403953552,187.3113248507472,74.06821783927333,1.0
39,159.10073375617515,141.3480340858377,1.0,162.5587015642235,140.86789636787236,1.0,198.50298553347324,120.5844809112996,1.0,189.67428598429478,113.11826510765576,1.0,188.7364917792041,108.7171278697661,1.0,184.19901773540192,70.40511901430386,1.0
40,159.93844709823466,142.93305519890612,1.0,162.98283998442707,141.16687574564446,1.0,196.08545228620602,120.66882977934031,1.0,189.43441743458393,113.01649962613443,1.0,188.3542904953241,107.9812512963422,1.0,185.38400244682788,71.47195870981824,1.0
41,158.6340085400473,142.01057458482396,1.0,161.3135524013163,141.42503716738602,1.0,194.17456973874943,119.68013087799747,1.0,189.13954024386382,111.51049079420584,0.9999999403953552,187.56641672700897,107.06602429935506,1.0,184.45979736396157,68.97581050974105,1.0
42,160.2333096836831,142.77936595772115,1.0,163.1689190304181,141.47534600354558,1.0,195.20568175482134,119.53016441204774,1.0,190.8360106564404,112.14069329395838,0.9999998807907104,189.4621225586179,106.97691077931675,0.9999999403953552,185.89605664646723,70.16018300702856,1.0
43,159.2552515960048,142.1268228172529,1.0,162.61020427184948,141.6179311173591,1.0,193.963927924635,116.21806343186024,1.0,186.17731131330976,107.27378629345439,1.0,185.7799010813005,104.66600575968803,1.0,186.2280147416079,66.45964452387821,1.0
44,160.3894492548139,142.30278033024538,1.0,163.66890426136197,141.38002457314096,1.0,196.94477464802847,120.14446413021162,1.0,194.09888470051845,108.43208444900587,1.0,193.17724776806637,103.95580989847943,1.0,186.6260064120125,66.73739000583963,0.9999998807907104
45,160.32187156432497,140.4662425391088,1.0,163.43756763165837,139.6906315335657,1.0,197.41675731479023,117.19820740158204,1.0,192.51175912194185,102.2835957984409,1.0,192.90602183715072,97.42532604169006,1.0,186.0585844572606,59.408103182792495,0.9999998211860657
46,160.99003525244453,141.73708651696575,1.0,164.19345405630395,140.17106098823902,1.0,196.80707045348498,117.56119339702852,1.0,183.64656806906504,106.24504467793454,1.0,184.28479123642663,101.68846187764228,1.0,190.07579728228973,63.220030182336785,1.0
47,161.23122088078682,140.93389043043993,1.0,164.3434168881445,140.24618320904082,1.0,198.43604255338744,121.17130178187395,1.0,180.33123769851383,112.72558073760402,0.9999986886978149,181.95270790078996,107.1106886570349,0.9999996423721313,189.35816148565235,68.83419903015653,1.0
48,161.0315071800196,141.49855507589285,1.0,164.45657309157068,140.20402365898227,1.0,198.89549845026977,117.4690052852481,1.0,183.58563184930546,119.83414432233238,0.9999999403953552,183.682987633099,115.19764453560691,0.9999996423721313,188.60839348134004,76.51186082223705,1.0
49,161.73139238627238,141.5865948639577,1.0,165.41785226277074,141.0861204537801,1.0,196.83337374936278,116.1230614372753,1.0,179.63497972944236,115.17366531146818,1.0,180.91318486284047,111.55328044489303,0.9999998807907104,187.81231515539974,75.38873317159404,1.0
50,159.01630661968738,142.30523088855165,1.0,161.40324482170718,141.45781585368584,1.0,199.39948478468708,124.37627875195352,1.0,186.12056508616115,116.96537658057584,1.0,185.79825897846652,110.89762095723574,0.9999998807907104,182.71592133414077,73.07329771572563,0.9999999403953552
51,159.9254997192927,142.41917839169213,1.0,163.30576154860174,142.1618754677214,1.0,201.603990015536,128.23197444111204,1.0,181.10936999615456,122.4069077120817,0.9999998807907104,183.83500435422263,118.94199960584136,0.9999999403953552,182.4204182124869,77.77047035550562,1.0
52,159.70206169171828,142.57708374877544,1.0,162.80841432354416,141.5642677501986,1.0,199.95145371111437,118.27098617045968,0.9999998807907104,181.55705185210823,118.69538090936919,1.0,181.60528239287848,114.59325991969861,1.0,186.41467635470747,76.47326028995631,1.0
53,159.8628032366308,142.73538491832176,1.0,162.99143983850374,141.53504749591227,1.0,200.52800091912243,122.93263695713344,1.0,187.74234164934688,119.37051719172804,1.0,187.51199089321915,115.08710418556299,1.0,183.62329053174602,75.68392928689659,0.9999999403953552
54,159.80423881507912,142.13009965595091,1.0,162.85312673517868,140.5113794793126,1.0,199.1840657162559,119.57072349391959,1.0,188.60407493972392,114.06151033151822,1.0,187.4266983089212,109.40200573627612,1.0,183.45322299536804,71.529389834544,1.0
55,159.7331154774691,142.15040870564937,1.0,162.86091116514115,140.58363378968204,1.0,197.2333363029008,118.89364610341075,1.0,188.15551108011448,111.20393564623531,1.0,186.6050838517455,106.98135023594055,1.0,178.95870233889386,68.56020087145731,0.9999998807907104
56,159.71998106647627,141.806831243346,1.0,162.91154304605945,140.28826196571356,1.0,194.17527507367475,117.0502360707429,1.0,184.1207045756582,109.74547199811768,1.0,183.05615476365503,105.07879532629265,1.0,166.20968721680217,71.86268632087841,0.9999999403953552
57,160.54116926773258,142.0313961901574,1.0,163.78930368721623,141.20906157552096,1.0,192.61449091174404,116.19962038504897,1.0,184.38059118436863,106.69410283072074,1.0,183.33142207430856,103.50935210058707,1.0,173.03136624546352,64.9291789405581,1.0
58,160.59523985122385,141.7539745818083,1.0,163.83933214901083,140.61503436110632,1.0,194.725574931786,116.51769487393324,1.0,181.7242930349541,103.78487486607571,0.9999999403953552,181.16215820625524,98.71434573683555,1.0,169.79071693383946,62.05401866948775,0.9999997615814209
59,161.86676187027155,141.85011413958054,1.0,165.32899135942938,140.76415135303458,1.0,194.8650367613586,114.65025074102834,1.0,187.50834329455296,105.24781709161702,0.9999998807907104,185.59104769583894,102.2035408482685,1.0,158.10781778168572,73.97896938179093,0.9999997615814209
60,161.62946104358912,141.6720630291089,1.0,164.85645288560966,140.5068200775487,1.0,193.1266071146886,114.49077996604002,1.0,182.77629589538833,105.24359784573059,0.9999999403953552,181.06404041496305,102.0121020136902,1.0,151.47497159352145,72.67414103171141,0.9999998807907104
61,160.92402431689914,142.9638839828069,1.0,163.84681803202056,141.67758668083536,1.0,196.33907970299637,118.14371363142723,1.0,186.43202080302683,104.90176340947473,1.0,184.30220405242983,100.9901044597686,1.0,158.59769388113017,69.79889404154096,0.9999999403953552
62,161.23153816119444,141.99824705733027,1.0,164.12238488618468,141.5157985282607,1.0,195.17656235631927,115.53748544551829,1.0,186.7790014108403,109.02724337520942,1.0,185.47796156214935,104.01649578796052,1.0,165.95945260381887,72.0576471111162,0.9999998807907104
63,160.44138276959973,141.9328762444355,1.0,163.347068242962,140.7052636962884,1.0,193.99588344030715,114.9408374486519,1.0,189.2373138315554,107.33222827432114,1.0,187.684723843971,103.80194378546739,1.0,164.60575908138114,71.54504396969423,1.0
64,161.09361022625347,141.4958368201686,1.0,164.23298157665818,141.18454300042333,1.0,195.53024731841748,116.48416057449425,1.0,186.6387770716528,109.09464214739212,1.0,184.9045999752358,104.10398397491139,1.0,164.3136931673531,73.2740520475985,1.0
65,161.30499063000923,141.19724138456348,1.0,164.4271206945206,140.12602830941546,1.0,196.73224393224626,115.2052123426983,1.0,186.57696459637197,107.50594371101032,1.0,185.52440268079658,103.49847974634129,1.0,163.50839150804242,70.5107423693386,1.0
66,161.0744705645382,140.88398252105083,1.0,164.1892024013607,139.9304389453846,1.0,196.5710094553364,115.11254797416709,1.0,185.0707244953849,106.64843778227576,1.0,183.89445681695247,102.11240751459981,1.0,161.86526669118808,71.02759570754529,1.0
67,161.4903298147055,141.64187462096552,1.0,164.57994065353745,140.62831645427994,1.0,194.30117317691997,114.14392367105557,1.0,184.28424290277061,106.41812511211776,1.0,183.36657374763294,102.8160511913659,1.0,164.0818384494125,69.58630114394332,1.0
68,161.19203916938392,141.63598585234604,1.0,164.2051331227074,141.21694032000585,1.0,201.46505129067066,124.49508349325988,1.0,184.24641596425604,109.19763885933185,1.0,183.05707546818826,103.4846455769564,0.9999998807907104,162.71433826785915,74.10234678055448,0.9999998807907104
69,160.78646444612846,141.45774244779855,1.0,163.6524578258481,140.6699279095037,1.0,200.68410951558096,120.29518752808536,1.0,183.881300735678,114.41063626887225,1.0,184.58209857050394,109.47095819195576,1.0,169.20856593302116,73.32831437097346,0.9999998807907104
70,160.10074083293114,141.34039881113108,1.0,163.2464118595974,140.47605920471995,1.0,198.0301060960079,120.70829643031045,1.0,181.3435785475027,113.1682723754024,1.0,181.73352482530998,108.20598572525115,0.9999999403953552,167.33533816689635,73.93970490013695,0.9999998211860657
71,160.36400850840312,142.1494540653346,1.0,163.2864535593095,140.53756111643406,1.0,197.8723822381022,118.03814814899675,1.0,189.01558313873554,113.11397636048707,1.0,186.8048304044091,108.75445481569984,0.9999999403953552,168.63018284018372,75.55030451347353,0.9999998807907104
72,160.69824760570398,141.208161798291,1.0,163.82410411325918,140.63696973268813,1.0,198.2218658942814,119.24213384785963,1.0,184.77751861063356,109.05157413233478,0.9999999403953552,183.77681688120146,103.94196332794712,0.9999998807907104,167.3870299668553,71.57638262937684,0.9999998807907104
73,161.02448437137147,141.93099957208773,1.0,164.28442039306603,140.88865347104857,1.0,196.5309894480366,116.07318643611353,1.0,188.42977725819478,108.25573193249258,1.0,186.64592794422398,105.41656610192615,1.0,168.05817415337856,72.71396663320981,1.0
74,160.71708248570462,141.61417715116735,1.0,163.97774602109695,141.37922701704557,1.0,193.91726636499325,114.86878352683797,0.9999995827674866,183.28877319575594,106.21795140453915,1.0,183.30902044638825,102.82650364958134,1.0,167.4336267408777,69.98942479335913,1.0
75,161.03237014385618,141.96012168353204,1.0,163.94585976947923,140.811436350615,1.0,189.38632567884414,112.19177909061611,0.9999996423721313,181.95338111131443,104.2764409612191,1.0,180.83655122321903,100.0868779013231,1.0,166.91382860065795,68.70515031521634,1.0
76,161.8059171498698,141.77611464476684,1.0,164.9328761143838,140.5672247412751,1.0,188.07562160224927,111.32506708487537,0.9999992251396179,180.47864896622482,102.65519379020806,1.0,180.20666333965613,97.56306308769203,1.0,164.80297349254005,66.46245863016718,0.9999998807907104
77,161.30355249050987,141.5740077072297,1.0,164.03972778968162,140.02926187403494,1.0,185.97737723123637,111.15768769983194,0.9999992251396179,180.80700836552535,100.46595885703726,1.0,179.95063879605627,95.51433798628051,1.0,162.83994450979696,62.96900908519632,1.0
78,161.17279474727346,141.83154608197282,1.0,164.12966098811992,140.6858930804496,1.0,185.46800294797498,111.10964583912678,0.9999998807907104,179.02220837716555,102.85761341260437,1.0,178.8587249868337,97.35663914738055,1.0,153.91972079587256,68.13065178699992,0.9999998807907104
79,161.3297418514117,141.7587737194857,1.0,164.11359026851534,140.41222092645557,1.0,185.70239254953572,110.4568951197211,1.0,179.63214883348567,102.44983351851306,1.0,178.91291272861005,97.78399827983189,1.0,153.11948359805885,66.90542916057365,0.9999998807907104
80,161.56407913341067,142.51488285290475,1.0,164.78157192690054,141.19673597362677,1.0,191.50888089738618,113.59093595278807,1.0,179.44612498892968,107.50432672633909,1.0,179.65442944508516,102.80888134036226,1.0,161.07472719449035,68.45433707486941,0.9999998807907104
81,162.35341113320248,142.60063085768468,1.0,165.52077330925155,140.70620262036294,1.0,192.3702544516484,111.39525720656619,1.0,178.76382008527463,101.70264839921927,1.0,178.1518119407233,97.77438472414127,1.0,153.58465957057516,64.77995595339812,0.9999997615814209
82,162.37164510364656,143.04336016282718,1.0,165.638620929344,141.33763509712753,1.0,193.92334635003834,113.34792485694672,1.0,181.42067270685948,104.70452884759246,1.0,181.0394403358158,99.96292935115224,0.9999998807907104,158.3591815735593,66.27461069935673,1.0
83,162.31644786599512,142.07023663305256,1.0,165.34783703427306,140.06827451064575,1.0,192.65808718561797,112.06740429046744,0.9999998807907104,178.64519213721888,100.76398069617014,1.0,178.26206026266473,96.39655867349497,1.0,155.50362653115192,60.691499304710874,0.9999995827674866
84,161.9402537313929,141.74342341999005,1.0,164.83840243115606,140.1072375342285,1.0,191.26597891910004,110.13562228769752,1.0,180.7990351110201,100.14181749840556,1.0,179.1707922302197,95.35322648169227,1.0,153.67787263511084,64.07551628374898,0.9999997615814209
85,161.7855950520386,142.91105722891808,1.0,164.37391351304078,140.7263760098074,1.0,194.91536389396396,114.3661546319901,1.0,180.19770891443147,103.20040445979153,1.0,180.48318916064312,98.32453999572621,0.9999999403953552,158.13068815957303,63.569059695048864,0.9999997615814209
86,161.36434902895817,142.11518362546784,1.0,163.78816573767793,140.46957924901898,1.0,195.77834572253118,112.78796205079631,0.9999999403953552,180.0381267046202,100.45999682988811,1.0,178.5943096782336,95.25596800895828,1.0,153.77519773098197,62.774706739220434,1.0
87,161.08295589626536,142.8700321130092,1.0,163.48040439353565,140.26826465095527,1.0,191.70636342304766,111.0689371677032,0.9999997615814209,177.74885367852536,101.49321321496066,1.0,177.2796477333064,97.25817670032683,1.0,149.7115553655971,67.29347729546555,0.9999998807907104
88,161.08430750239205,141.03331230602117,1.0,163.7879967355055,139.60829221684713,1.0,190.2791418940726,110.34861281215876,0.9999978542327881,182.9971070343688,102.82745133107295,1.0,181.0901002808853,98.58116332129592,1.0,153.8289547786529,68.06410248555854,0.9999998807907104
89,161.27131741725242,141.15044874935967,1.0,163.4437884120109,138.9240962965875,1.0,189.91210351982144,110.6084949281655,0.9999979138374329,188.23321775404435,103.11224595399673,1.0,186.96885985710293,100.07403574122726,1.0,160.32351940474103,70.21403206583352,0.9999999403953552
90,161.15791154997595,140.87661818609388,1.0,163.98245064402175,139.40479038891226,1.0,190.00105668289288,110.54233329281453,0.9999991655349731,189.71283276020415,103.91561695775971,1.0,187.89446323635576,100.22126941651209,0.9999999403953552,162.81268055223512,70.37237276316898,0.9999998807907104
91,161.5580401161836,140.75384825051245,1.0,163.8581649461513,139.0285286749998,1.0,189.35234301966784,109.48282094522202,0.9999997615814209,189.4440778259878,101.28466143925753,1.0,188.33374767697075,97.92892785312355,0.9999998211860657,160.9035298892924,69.71908488370184,0.9999998807907104
92,161.9686902854121,140.10001553186478,1.0,164.44242999355595,138.5944108862309,1.0,188.40338905553648,108.93111060557604,0.9999992847442627,188.57753827080379,100.25714966155955,1.0,187.18807338427854,95.08229908869092,1.0,159.76616417317484,68.51498387449284,0.9999999403953552
93,160.15390533843058,140.2123525158523,1.0,162.87125236229795,138.5446553064371,1.0,187.72734678607998,109.58195440130788,1.0,186.864456707849,102.4638639522345,0.9999998807907104,186.12015991609118,98.35452007793072,1.0,160.7639708608675,69.36025935101496,0.9999997615814209
94,161.46343871961085,140.2813128026271,1.0,164.04594156166183,138.95224671820668,1.0,192.02273301447707,111.76718798499672,0.9999991655349731,187.68813787341574,104.63790036299562,1.0,186.486843998907,100.57045678159899,1.0,160.58246562164467,70.69281065491947,0.9999998807907104
95,159.95970134439528,140.24105314535666,1.0,162.43929142835063,138.59014953846986,1.0,191.82165230835798,109.91671172121215,0.9999997615814209,187.00261220389362,103.82567474724495,1.0,186.0849855593133,100.50318810448128,1.0,161.33934295560005,70.57254255248807,0.9999997019767761
96,161.5364921412518,140.72137852028203,1.0,164.6247269494259,139.20997992772828,1.0,192.00401566634878,110.58667742866206,0.9999997615814209,189.1017686335456,103.55581908902793,0.9999998807907104,187.37630096782962,99.87512267571307,1.0,160.7590642246257,71.71889725995874,0.9999997615814209
97,159.45369666994094,140.50569778484427,1.0,162.06286749913852,138.81176419587428,1.0,190.9367988984404,110.73694963272473,0.9999997019767761,186.78238160722333,105.3914841226116,0.9999999403953552,185.8180912343161,101.81562237586547,0.9999997615814209,160.99530254210495,72.17161485601687,0.9999997615814209
98,161.77187078248247,141.75590020380213,1.0,164.94657143427372,139.85204495553006,1.0,188.7167358106,108.59381194082842,1.0,186.0268035658729,100.28429850040716,1.0,185.27412434052417,95.6491146059592,1.0,157.1644030693825,69.60859718367858,0.9999998211860657
99,160.28524404511683,141.91180060517166,1.0,162.6007758748857,139.80516444340398,1.0,191.12123826071766,110.6270632242196,1.0,182.8389398907664,102.38272060222221,1.0,182.35029570576236,97.84632160722263,1.0,153.84711457194797,69.8866916966671,0.999999463558197
100,160.04150174906158,141.52290292874497,1.0,162.88399387035463,139.47098911838594,1.0,193.50163191775607,111.28141529882248,0.9999998807907104,183.93374978197775,102.39812829926666,1.0,183.22481937203048,97.02269007949103,1.0,159.0944228690861,64.72357435246505,0.9999999403953552
101,160.91147966244338,140.85622702349846,1.0,163.32303822261628,138.42200459370744,1.0,190.24473162334124,108.96666929796157,0.9999998211860657,179.5248939348015,102.16795289230554,1.0,179.7555515156038,97.34526317611889,1.0,162.26949025482875,62.50220428663083,1.0
102,161.31572279847987,140.3485456109681,1.0,163.96851922890332,138.3052946307967,1.0,189.39476123282193,108.65521397661864,0.9999999403953552,181.64899461760695,102.94173125918773,1.0,180.8852338227047,97.74151451117635,1.0,162.15086966269828,64.76886843240962,1.0
103,161.79794505390507,141.03559628997522,1.0,164.8268765663178,138.68894986816397,0.9999999403953552,190.87464830775744,109.47106808137124,1.0,180.91336081270651,103.49862292146658,1.0,180.48232186718903,99.32089933741295,1.0,162.1570882345751,64.91884029552529,1.0
104,162.01020661856148,140.26414505611746,1.0,164.8391157545808,138.41961885826814,0.9999999403953552,190.8006998887217,108.17260021907063,0.9999998807907104,181.54695603268547,102.4272635138161,1.0,180.58518888187612,97.75296997305483,1.0,162.2102358718367,65.05190397138176,1.0
105,162.22151167721452,138.83153894049096,1.0,164.42705612286434,137.27402114391666,0.9999998807907104,189.18043881495367,108.03509177578277,0.9999999403953552,178.4260746906395,103.56894286658353,1.0,178.46902266705456,99.20966840636159,1.0,162.90813471748567,64.89167479729288,1.0
106,162.00045913811832,139.28160549488226,1.0,164.7599579211232,137.98970071293428,1.0,189.05102656317084,107.90978122494275,1.0,179.6666332415358,104.05479310660445,1.0,179.15493414365048,98.8112530322138,1.0,163.7786142607711,65.16113250968786,1.0
107,162.51885448998772,139.7660160336732,1.0,165.48863950618272,138.2101198240282,0.9999999403953552,190.70362223808996,108.04645538560754,0.9999998807907104,177.62121885482998,104.7473771120036,1.0,177.68508396646126,101.71591357032565,1.0,165.35348383012746,66.58955050845084,1.0
108,162.0385803259061,140.1528545204688,1.0,164.84316873919258,138.29047153516353,1.0,190.78877153292424,107.30713500577966,0.9999998807907104,180.21882552875044,104.01646495108412,1.0,179.1299761415541,100.18641163710818,1.0,165.16708431771886,66.3076245547953,1.0
109,161.11969617171664,139.41320019227058,1.0,164.20703999682766,138.16183740670317,1.0,189.72690433920778,107.54774690732526,0.9999999403953552,180.32962914863927,104.89148635510789,1.0,179.68318587358456,100.79745327941299,1.0,165.6974506316539,65.55358034225938,1.0
110,162.26983531377704,140.57997688088773,1.0,165.2792441874198,139.02395858153756,1.0,189.1900130780156,106.79122202444634,1.0,180.88674182163916,103.38758387583498,1.0,179.79558662261437,98.61463856940328,1.0,164.58765151071606,65.04805043631887,0.9999999403953552
111,159.64962109748694,141.06942903260946,1.0,162.416517030222,139.44582406726752,1.0,190.82245904758133,109.45630467939112,0.9999998807907104,179.89754972214027,104.3368412693998,1.0,178.99574228008845,100.50359997972639,1.0,164.63432537937265,64.65173905543195,1.0
112,159.542202584877,141.45727950847612,1.0,162.1252464058903,139.40670473888684,1.0,190.18406179447996,107.961096603232,1.0,181.2935473090547,104.45651343856684,1.0,180.1469143108263,99.57890804969865,1.0,164.65636212928558,65.13272928270298,1.0
113,159.45970851711616,141.03827543297052,1.0,162.36411945207604,139.2494858970352,1.0,190.66536676359036,109.17267539899703,1.0,182.32904225564786,105.16436539574599,1.0,180.9640906819886,101.07738625224822,1.0,164.5024037802145,65.80969687210276,1.0
114,160.9228620707658,141.54428174187194,1.0,163.4754511311869,139.53233300199517,1.0,192.07157916526458,108.62353606490574,1.0,183.52047455909232,103.3720794082545,1.0,182.07223524156427,98.80752400858606,1.0,163.99622818967887,65.99056762589572,1.0
115,161.4144801444901,139.9608472064796,1.0,163.95543846419235,138.66774878290352,1.0,193.27561090879888,108.39117228175115,1.0,183.28857484823584,102.34515760020548,1.0,181.81924035566456,98.66707166170879,1.0,163.39267020043343,65.28696382440948,1.0
116,161.316812501224,139.14833777586577,1.0,163.87320922953842,137.33487407280046,1.0,193.01676164035246,108.85231281710705,0.9999998807907104,183.26021578895154,102.37117675751898,1.0,181.93214260310796,97.85382810430808,1.0,162.7005289469183,65.05001500237225,1.0
117,161.33833004286518,138.92940362773405,1.0,164.21873472138645,137.48752892389922,1.0,191.40014268654946,109.10950792550557,1.0,181.50478143784093,104.82092730313323,1.0,180.69057347673993,100.41161780237593,1.0,163.75169948146944,65.40953387022893,1.0
118,162.8963241464735,135.31226366269487,1.0,165.51675935803306,136.00548154554423,1.0,191.30037953666735,109.05027701967425,1.0,180.6840836932086,104.83660281844016,1.0,180.38370279839788,99.79625835327782,1.0,164.1576553434317,65.59771124735985,1.0
119,159.14381461418532,133.68742498348007,1.0,162.72123765972353,134.96095356339876,1.0,190.95825319972778,109.69284035670557,0.9999997019767761,179.58193623157294,104.755313555495,1.0,179.4465973087957,100.52660993885239,1.0,162.7390778104649,65.21629947898617,1.0
120,160.2684355215634,132.8094157285834,1.0,163.7935344276627,134.42191962637528,1.0,190.52512414329843,109.89646070297931,0.9999996423721313,182.18330278018624,105.1411461641279,1.0,181.50206144109495,100.89599293666402,1.0,165.07294382934742,67.113038276177,1.0
121,159.29145567425635,132.27998041515022,1.0,163.0773407918242,133.84382876395205,1.0,190.46797520781325,109.9242674768141,0.9999998211860657,182.3863090955947,104.85671459417925,1.0,181.70981793162815,101.26138867892338,1.0,164.73774506456445,66.67078676910435,1.0
122,157.5550393155661,130.79885442531165,1.0,160.39695178091912,132.97092050117791,1.0,190.81855438674938,109.8054163567146,1.0,181.89551491136137,106.10799342193657,1.0,181.14546587653052,100.65396427241875,1.0,164.4691319304626,66.94008931980686,1.0
123,157.77952344118808,129.98643790183093,1.0,161.6436314227782,131.89465311282206,1.0,190.32702091691309,110.97843747825002,0.9999998807907104,181.3929496200312,106.2519532673866,1.0,180.95516720457002,102.68560222257666,1.0,164.19703097631125,67.32099966077064,1.0
124,156.59171820184224,129.6656002903314,1.0,159.35767492283026,131.84400849071912,1.0,189.12309303359453,110.74066699966039,1.0,181.18535678937118,105.28716503806531,1.0,180.8649669359688,100.81770869603338,1.0,162.8417047413218,67.2526174158632,1.0
125,156.69425014863566,132.30232823578115,1.0,160.54095063998236,133.2839578765943,1.0,190.71354263182303,111.57221498646368,1.0,182.45863080949275,105.73733576039925,1.0,181.78699165018648,101.8251606024525,1.0,164.79649453946746,67.38724724273766,1.0
126,156.47250211005058,132.42909786762186,1.0,159.75802783494146,134.07477009245608,1.0,192.48393708838483,111.47664744262767,1.0,184.93638318877979,107.05968653942155,1.0,183.97572741183728,102.66207872405795,1.0,165.06984915885278,69.75198064127682,1.0
127,156.72984154028586,133.7529595691381,1.0,160.32821272836753,134.29881949427852,1.0,192.5055198308306,111.76216954974987,1.0,183.64884710368352,107.16634843105395,0.9999998807907104,182.7819515323001,103.59165901059654,0.9999999403953552,161.94995056430213,69.20281019656076,0.9999998807907104
128,157.73757665410486,131.9419461868521,1.0,161.49233838835417,132.915514811584,1.0,195.8780503165499,114.02550998030603,1.0,187.10675647441286,108.49339316727452,0.9999998807907104,185.21483983381836,104.4655320235184,0.9999998211860657,165.27136870338816,73.38472900062884,1.0
129,157.80574218538248,132.10939956044317,1.0,161.58577736656648,132.5171959667479,1.0,195.67201406537467,113.24399145855625,1.0,186.1354353489815,109.12307058461191,0.9999998807907104,184.54762069709807,105.9909967588265,0.9999998807907104,163.82004481339325,73.65758671511779,1.0
130,157.8401932551174,132.67975549725452,1.0,161.7776367090639,133.87595247610003,1.0,193.86374107941933,112.57792249087242,0.9999998807907104,188.20855301976874,107.76265935621197,0.9999998807907104,185.7539972137334,103.54516720615516,1.0,165.2019353724366,74.62003781033422,0.9999999403953552
131,159.17256644498008,133.95986016515982,1.0,163.0697642584219,134.7845192844116,1.0,193.38086972426774,112.5007442190798,1.0,187.6722747612359,107.92915501874161,0.9999998807907104,186.18778965299168,104.51029821238197,0.9999998807907104,164.68238716178462,73.94831770890923,0.9999998807907104
132,158.78704719076867,133.48517407266993,1.0,162.41751082317256,134.7296999544981,1.0,192.96231271006218,112.74573400901733,0.9999997615814209,186.54811178871978,108.02039503065014,0.9999998807907104,184.96481647464972,104.02275360421935,0.9999998807907104,164.9807688230426,72.99547363744998,0.9999999403953552
133,159.42577143891106,133.83242788054827,1.0,163.25808049940622,134.54994414131772,1.0,192.53522056857423,111.95238462525626,1.0,185.20370007277634,106.50733796459545,1.0,183.96590677969445,103.35396615728544,1.0,164.89991222433858,72.95110407322119,1.0
134,158.90742115550162,134.0225489176257,1.0,162.3363168502011,135.15672446923202,1.0,192.9640516294534,112.42717887426626,1.0,184.5369495069585,107.06033703171998,0.9999998807907104,183.30497595113098,102.81639231461611,0.9999999403953552,164.08704439389706,70.65523362081899,1.0
135,159.9942390581988,133.6666466451796,1.0,163.4955625110263,134.4840734776824,1.0,192.84796551959508,112.78085426706802,1.0,183.96121744824825,107.24667654471108,0.9999998807907104,182.81406480387602,103.7959928836631,1.0,164.04471626439638,71.02235901632699,1.0
136,158.8871954841711,132.23316241453182,1.0,162.61430161865658,133.44976175492178,1.0,192.9127275841988,112.01200537105757,1.0,183.39497247182678,107.07710102564685,0.9999998807907104,182.2447988727186,102.98265594007994,1.0,162.99037519781194,70.01976956905676,1.0
137,159.57597954820577,133.17798836311394,1.0,163.22337890714618,133.81352596116622,1.0,193.56539647026688,112.66513694403065,1.0,184.03293249610294,106.26850609078123,1.0,182.68954547146288,102.6558714303736,1.0,164.59641212527777,70.60813295154038,1.0
138,159.56259278911327,134.19228840056232,1.0,163.1880112334035,135.35042592400677,1.0,193.4669466857384,112.53882357972715,0.9999998807907104,184.2767081312548,107.413834558108,1.0,182.43789674247967,103.41784659056992,1.0,163.0555928513658,71.13946605880295,0.9999998807907104
139,158.86474999884732,133.90951876296018,1.0,162.42472906963025,134.78010159781252,1.0,190.32006688648494,111.2606404955595,0.9999998807907104,180.60127160875123,106.02196502215031,1.0,180.22110809671184,102.95623250756626,1.0,159.49919422322105,69.34965118153751,1.0
140,160.1983820187612,134.44182476449797,1.0,163.90189496345826,134.8525509662757,1.0,190.4611152570947,111.4125295885021,0.9999999403953552,182.22104634495008,105.62133606904722,1.0,181.1364677633204,100.86246856267904,1.0,161.49751803934578,67.90588650107274,1.0
141,159.37849766723266,133.26851326781156,1.0,163.08746773900415,133.99681923764888,1.0,190.98952813747627,111.4458007293468,1.0,180.87513932046645,104.81623346857222,1.0,180.9020122041855,101.2356538443974,1.0,161.11283441261222,67.12585265906985,1.0
142,159.83819325064465,134.093885595205,1.0,163.51050761609338,134.35585415219137,1.0,191.31149409925374,111.50211082928406,1.0,179.808414834983,105.51609249718261,1.0,179.8192629038612,101.37112511702874,1.0,161.27542208864756,67.0041574951751,1.0
143,160.09008012202483,133.52566788830492,1.0,163.82776349030922,134.11438398201938,1.0,191.4113205986273,112.36208069977067,1.0,179.11784871258104,106.12139648303659,1.0,179.4627813404411,103.012443602044,1.0,162.6090719373752,67.37129328319743,1.0
144,159.58191969613637,134.60844828533646,1.0,162.7567352692797,135.2146929908292,1.0,191.22866846883062,113.56591429245913,1.0,180.59773116676448,109.42672380371233,1.0,180.34973870921496,104.58945353495476,1.0,166.91999458937008,69.75784541479247,1.0
145,159.33812927069016,133.87837039765753,1.0,162.6995351181067,135.1398055525525,1.0,190.3478307952661,112.78001683367424,0.9999999403953552,179.93983285893353,107.59673748635811,1.0,180.0166917935278,104.51558954398746,1.0,165.81341033927714,68.83201697175052,0.9999999403953552
146,159.64964631660098,133.3601771997728,1.0,163.21948128366546,134.46905537029778,1.0,190.709125898024,112.3132211883896,1.0,181.0934104258648,108.93864130752624,1.0,180.76642318766469,104.27606142402652,0.9999998807907104,167.17310987639604,71.16379024933346,1.0
147,159.845894137546,133.3009722638665,1.0,163.24948897832624,133.66301873947268,1.0,191.52197212745455,112.32253626531818,1.0,179.17433496309346,108.63009369407033,0.9999998807907104,179.30733774764218,105.88519035338399,1.0,166.73337035189252,69.6668554570831,1.0
148,160.03641302356655,134.2513388125192,1.0,163.85943525782594,134.6904616049967,1.0,192.99296772493375,113.68712275766069,1.0,178.05715888011642,110.6458445458104,1.0,178.27762483565493,105.66189164686895,1.0,167.53444766194755,70.69847706533514,1.0
149,159.4267716192536,133.483057330904,1.0,162.92238398272318,134.4965885859857,1.0,193.5084476082804,113.63408013525842,1.0,178.79368129724912,109.13322706419603,1.0,179.1922411027313,105.37618346607888,0.9999998807907104,163.606367782866,67.72657523991992,1.0
150,160.07287351466712,134.01242907875354,1.0,163.77505532440193,134.88607948377148,1.0,191.89783931473758,113.48217798348537,1.0,178.7100619433589,108.99136950961774,1.0,178.99065976649408,105.03506876143521,1.0,171.1007935050581,66.62352396631411,1.0
151,160.0140260773505,134.1898137324427,1.0,163.358377863722,134.64214532552205,1.0,190.428295794294,112.37707739483588,0.9999999403953552,178.50547406996665,104.14619812261104,1.0,178.14346050070975,99.8550687961624,1.0,162.15612167653794,61.672615171263,0.9999997615814209
152,159.49200133588133,133.99425885083343,1.0,163.12998048453235,134.51041156313667,1.0,189.91418919894625,111.78974384050781,1.0,178.91247179866164,103.77726512634516,1.0,178.22835584046692,98.94206356159837,1.0,158.66990216808975,64.16392365939197,0.9999998807907104
153,160.14402741272693,134.04165455735995,1.0,163.3917429592643,134.16489691159697,1.0,189.87054987211246,112.56305711736314,1.0,179.79115547882455,103.79171361554859,1.0,179.18126285642782,99.51478984775287,1.0,152.09256526958933,66.51505144237166,0.9999999403953552
154,159.41310778311973,133.4631288845252,1.0,162.84239702241558,134.09236684858737,1.0,189.99794671728532,112.72925301450003,1.0,182.13906937510407,101.8107182314397,0.9999999403953552,180.7405239408838,96.66096051980816,1.0,161.61183656482615,59.84736684119241,0.9999999403953552
155,158.99650515897778,132.9971016718255,1.0,162.51330556945715,133.65211369707032,1.0,189.99768543038044,112.2647809476913,1.0,182.78461029487332,104.21808822671227,1.0,181.53433976788983,99.60248158867913,0.9999998807907104,159.64007345925913,65.07742684914847,0.9999998807907104
156,159.48364428298905,133.51116658124383,1.0,162.92976825972647,133.87363752464412,1.0,190.8908637332737,112.29351182267723,1.0,188.20420103394562,102.14770182867505,0.9999998807907104,185.87377283631602,98.85115171196846,1.0,161.2643022004995,65.95691922563901,0.9999998807907104
157,158.33134065721057,132.84569158320915,1.0,161.92432518724084,134.00113079549254,1.0,191.80022724041788,112.64227060706357,1.0,189.23924012000793,102.86645490323393,0.9999998807907104,187.39859809133534,100.25415849866773,0.9999999403953552,159.07430394774096,69.2671285395157,0.9999997615814209
158,158.0640582055339,132.90081411199148,1.0,161.75476412207044,133.87778648829197,1.0,192.26188236320786,113.12392787222754,1.0,190.0838734177334,101.90325248762393,1.0,186.79214875029936,99.63601158602185,1.0,149.38473982118433,81.36745226934752,0.9999992251396179
159,158.61751574152777,132.52385869619448,1.0,162.50788721027482,133.66536800463336,1.0,193.20066514337216,112.90706224020751,1.0,195.44340261215623,100.43914885039626,0.9999998807907104,193.41967490653713,97.67946613532108,0.9999999403953552,154.35148149141563,80.78294249583271,0.9999982714653015
160,157.97540633851114,132.41613261479665,1.0,161.53968210495916,133.5624739703326,1.0,193.27232555921378,114.11593971368654,1.0,191.64194461469015,104.62125056475813,1.0,189.21962870293447,101.44814846127163,1.0,153.8265092178563,83.83932267347178,0.9999979734420776
161,158.29230332951678,132.25903768851722,1.0,162.24971329960235,133.256530585959,1.0,193.3216377992565,113.37323444508945,1.0,198.79715999232891,94.7340469178385,1.0,195.06288146272507,93.95283694990559,0.9999997615814209,152.3795153103254,86.56585574469824,0.9999987483024597
162,158.89123608073172,132.2020890057508,1.0,162.70629309622993,133.06588386131895,1.0,193.64320835415532,113.68221358658637,1.0,201.97463087433403,90.06194966153922,0.9999998807907104,197.99862397967482,90.40961005443177,0.9999999403953552,156.44812299586238,88.09125057834844,0.9999966621398926
163,158.64972248091786,132.0676393480526,1.0,162.64560811671154,133.0973215211626,1.0,193.38686557333978,113.35752108559724,1.0,200.43118323521995,94.29239596469031,0.9999998807907104,196.64621456681158,94.03162488686695,1.0,153.30096897652348,91.28001331061833,0.9999980330467224
164,158.76446180166755,132.2742653666028,1.0,162.80929964374423,133.21773443395034,1.0,193.4735622543069,113.40037283994617,1.0,199.22702156306687,94.75903136843371,1.0,195.44082441154853,94.2210715280147,0.9999997615814209,156.26329651959665,94.83863744066842,0.9999890327453613
165,158.95938069653636,131.89440527877363,1.0,162.6023093152526,133.1289333954922,1.0,193.13818872649068,113.90154877219297,1.0,204.30302178926596,84.36221218982153,1.0,201.68766229287866,85.76140942534211,0.9999999403953552,157.6537193456007,93.01658056305193,0.9999991655349731
166,158.85509999604568,131.78459771912887,1.0,162.7199740574475,133.03559902025702,1.0,193.36216364975536,114.01346099863454,1.0,206.5160222155154,83.34002176710668,1.0,203.66187085853278,84.28989745490003,0.9999995827674866,161.9284507936733,90.34086416121218,0.9999945163726807
167,159.19002322611016,131.99877324896758,1.0,162.94555711042779,133.22062825903512,1.0,193.133108862836,113.88930244868124,1.0,210.15444029087843,74.76079164668558,0.9999997615814209,207.05326904583163,78.33240678154603,0.9999998807907104,166.16452111131437,92.6251934410609,0.9999936819076538
168,159.29203298914882,131.9089302330496,1.0,163.30633482598336,132.8788076432479,1.0,193.5609042767727,114.19043805240037,1.0,213.3903702493704,72.30189440803949,1.0,210.04223777497953,75.40131842399617,0.9999998807907104,175.63121966213612,93.15140002099389,0.999908983707428
169,158.91704688406264,132.16503095109255,1.0,162.94201973655277,133.0991324417667,1.0,193.26993871891938,114.5707233599617,1.0,211.75139172921814,65.44429904506428,0.9999998807907104,212.2147300509119,68.73718150475904,0.9999998211860657,180.33265493304208,93.67365075368049,0.9999479055404663
170,159.2829959015778,132.30340561245086,1.0,163.2531207701602,133.175625491645,1.0,193.15799766146895,114.53842215562922,1.0,211.74515061425907,61.19628180632373,0.9999999403953552,210.6858791025225,65.49289686198075,0.999999463558197,181.93070693041037,96.74120600456617,0.999897837638855
171,159.6346823673874,132.28280698845734,1.0,163.81129814076056,133.24111047749665,1.0,193.5305294456796,114.67804573589771,1.0,214.42477980011202,58.78536859361064,1.0,213.67410134946945,62.21492425286893,0.9999997615814209,183.99802975229738,91.89544210742147,0.9999322295188904
172,159.1135584014616,132.07664109714034,1.0,162.9615279491193,133.00886252771232,1.0,193.4788192115356,114.53861140456723,1.0,212.96318124483207,59.758611266526316,0.9999998807907104,211.83226758516886,63.67316870416928,0.9999995827674866,184.39184919003043,97.92691723400041,0.9999663829803467
173,159.1104499648372,132.7955976086068,1.0,162.99976349179644,134.11995223876457,1.0,194.66963493340296,116.0062379506058,1.0,213.3725014102779,56.96204093402834,0.9999998211860657,212.6243343618251,60.58940435297581,0.9999990463256836,186.67768323213878,91.95395173016652,0.9999919533729553
174,159.750280305061,133.220697186698,1.0,163.67605430992927,134.55644184273405,1.0,197.59693490699607,117.49390365685298,1.0,214.5712386653833,54.608628042785575,0.9999992847442627,213.5296665505522,58.484237460655024,0.999997615814209,192.26074656128668,95.12169829891836,0.9999406337738037
